DELETE FROM LMRISKAPP where RISKCODE='120078';
insert into LMRISKAPP(riskcode,riskver,riskname,kindcode,risktype,risktype1,risktype2,riskprop,riskperiod,risktypedetail,riskflag,poltype,investflag,bonusflag,bonusmode,listflag,subriskflag,caldigital,calchomode,riskamntmult,insuperiodflag,maxendperiod,agelmt,signdatecalmode,protocolflag,getchgflag,protocolpayflag,ensuplanflag,ensuplanadjflag,startdate,enddate,minappntage,maxappntage,maxinsuredage,mininsuredage,appinterest,apppremrate,insuredflag,shareflag,bnfflag,temppayflag,inppayplan,impartflag,insuexpeflag,loanfalg,mortagageflag,idifreturnflag,cutamntstoppay,rinsrate,saleflag,fileappflag,mngcom,autopayflag,needprinthospital,needprintget,risktype3,risktype4,risktype5,notprintpol,needgetpoldate,needrereadbank,specflag,interestdifflag)values('120078','2002','中邮未来星年金保险（分红型）','R','R','L','N','I','L',null,null,'P','N','1',null,'Y','M',null,'1',null,'1',null,null,'2','0',null,'0','N',null,to_date ('2026-05-14', 'YYYY-MM-DD' ),null,'30','24','8','30',null,null,'S',null,'N','N','N',null,null,null,null,null,null,null,'2',null,'I','0',null,null,'2','1','2','0','0',null,'0','0');

DELETE FROM LMRISKENTRYITEM where RISKCODE='120078';
insert into LMRISKENTRYITEM(riskcode,riskname,admiinfor,spare1,spare2,spare3,spare4,spare5,operator,makedate,maketime,modifydate,modifytime)values('120078','中邮未来星年金保险（分红型）','PayIntvA','1','交费方式','0',null,'Y','8600071',to_date ('2026-04-09', 'YYYY-MM-DD' ),'11:46:36',to_date ('2026-04-09', 'YYYY-MM-DD' ),'11:46:36');
insert into LMRISKENTRYITEM(riskcode,riskname,admiinfor,spare1,spare2,spare3,spare4,spare5,operator,makedate,maketime,modifydate,modifytime)values('120078','中邮未来星年金保险（分红型）','PayEndYearA','2','交费期间','0',null,'Y','8600071',to_date ('2026-04-09', 'YYYY-MM-DD' ),'11:46:46',to_date ('2026-04-09', 'YYYY-MM-DD' ),'11:46:46');
insert into LMRISKENTRYITEM(riskcode,riskname,admiinfor,spare1,spare2,spare3,spare4,spare5,operator,makedate,maketime,modifydate,modifytime)values('120078','中邮未来星年金保险（分红型）','PayEndYearFlagA','3','交费期间单位','0',null,'Y','8600071',to_date ('2026-04-09', 'YYYY-MM-DD' ),'11:46:56',to_date ('2026-04-09', 'YYYY-MM-DD' ),'11:46:56');
insert into LMRISKENTRYITEM(riskcode,riskname,admiinfor,spare1,spare2,spare3,spare4,spare5,operator,makedate,maketime,modifydate,modifytime)values('120078','中邮未来星年金保险（分红型）','InsuYearA','4','保险期间','0',null,'Y','8600071',to_date ('2026-04-09', 'YYYY-MM-DD' ),'11:47:14',to_date ('2026-04-09', 'YYYY-MM-DD' ),'11:47:14');
insert into LMRISKENTRYITEM(riskcode,riskname,admiinfor,spare1,spare2,spare3,spare4,spare5,operator,makedate,maketime,modifydate,modifytime)values('120078','中邮未来星年金保险（分红型）','InsuYearFlagA','5','保险期间单位','0',null,'Y','8600071',to_date ('2026-04-09', 'YYYY-MM-DD' ),'11:47:24',to_date ('2026-04-09', 'YYYY-MM-DD' ),'11:47:24');
insert into LMRISKENTRYITEM(riskcode,riskname,admiinfor,spare1,spare2,spare3,spare4,spare5,operator,makedate,maketime,modifydate,modifytime)values('120078','中邮未来星年金保险（分红型）','AmntA','6','（基本）保险金额','0',null,'Y','8600071',to_date ('2026-04-09', 'YYYY-MM-DD' ),'11:47:37',to_date ('2026-04-09', 'YYYY-MM-DD' ),'11:47:37');
insert into LMRISKENTRYITEM(riskcode,riskname,admiinfor,spare1,spare2,spare3,spare4,spare5,operator,makedate,maketime,modifydate,modifytime)values('120078','中邮未来星年金保险（分红型）','PremA','7','保险费','0',null,'Y','8600071',to_date ('2026-04-09', 'YYYY-MM-DD' ),'11:47:48',to_date ('2026-04-09', 'YYYY-MM-DD' ),'11:47:48');
insert into LMRISKENTRYITEM(riskcode,riskname,admiinfor,spare1,spare2,spare3,spare4,spare5,operator,makedate,maketime,modifydate,modifytime)values('120078','中邮未来星年金保险（分红型）','AutoPayA','8','自动垫交标志','0',null,'Y','8600071',to_date ('2026-04-09', 'YYYY-MM-DD' ),'11:48:18',to_date ('2026-04-09', 'YYYY-MM-DD' ),'11:48:18');
insert into LMRISKENTRYITEM(riskcode,riskname,admiinfor,spare1,spare2,spare3,spare4,spare5,operator,makedate,maketime,modifydate,modifytime)values('120078','中邮未来星年金保险（分红型）','BonusGetModeFlagA','9','红利领取方式','0',null,'Y','8600071',to_date ('2026-04-09', 'YYYY-MM-DD' ),'11:48:34',to_date ('2026-04-09', 'YYYY-MM-DD' ),'11:48:34');
insert into LMRISKENTRYITEM(riskcode,riskname,admiinfor,spare1,spare2,spare3,spare4,spare5,operator,makedate,maketime,modifydate,modifytime)values('120078','中邮未来星年金保险（分红型）','InsuPlan','10','保障方案','0',null,'Y','8600071',to_date ('2026-04-09', 'YYYY-MM-DD' ),'11:50:20',to_date ('2026-04-09', 'YYYY-MM-DD' ),'11:50:20');

DELETE FROM LMRISKTORISKTYPE where RISKCODE='120078';
insert into LMRISKTORISKTYPE(riskcode,riskamnttype,riskamntdesc,calcode,shortdesc,detaildesc,inparadesc,inparacode,state,remark,makeoperator,makedate,maketime,modifyoperator,modifydate,modifytime)values('120078','HMA','投保人意外豁免风险保额','RA120078','风险保额','风险保额',null,null,'1',null,'001',to_date ('2026-04-09', 'YYYY-MM-DD' ),'08:37:36','001',to_date ('2026-04-09', 'YYYY-MM-DD' ),'08:37:36');

DELETE FROM LMEDORCAL where RISKCODE='120078';
insert into LMEDORCAL(riskcode,riskver,dutycode,edortype,caltype,calcode,caldescibe)values('120078','2002','D44133','00','CVT','120078CV','取现价表');
insert into LMEDORCAL(riskcode,riskver,dutycode,edortype,caltype,calcode,caldescibe)values('120078','2002','D44134','00','CVT','120078CV','取现价表');
insert into LMEDORCAL(riskcode,riskver,dutycode,edortype,caltype,calcode,caldescibe)values('120078','2002','D44133','CT','SurCalType','CTIZ05','长期寿险退保不分一年内外退保，均返回1');
insert into LMEDORCAL(riskcode,riskver,dutycode,edortype,caltype,calcode,caldescibe)values('120078','2002','D44133','XT','SurCalType','CTIZ05','长期寿险退保不分一年内外退保，均返回1');
insert into LMEDORCAL(riskcode,riskver,dutycode,edortype,caltype,calcode,caldescibe)values('120078','2002','D44134','XT','SurCalType','CTIZ05','长期寿险退保不分一年内外退保，均返回1');
insert into LMEDORCAL(riskcode,riskver,dutycode,edortype,caltype,calcode,caldescibe)values('120078','2002','D44134','CT','SurCalType','CTIZ05','长期寿险退保不分一年内外退保，均返回1');

DELETE FROM LFRISK where RISKCODE='120078';
insert into LFRISK(riskcode,riskver,riskname,risktype,riskperiod,subriskflag,lifetype,riskdutytype,riskyeartype,healthtype,healthtype2,accidenttype,endowmentflag,endowmenttype1,endowmenttype2,risksalechnl,riskgrpflag,chargesalechnl)values('120078','2002','中邮未来星年金保险（分红型）','R','L','M','2','1',null,null,null,null,'0',null,null,'04','1','04');

DELETE FROM LMRISKPARAMSDEF where RISKCODE='120078';
insert into LMRISKPARAMSDEF(riskcode,riskver,dutycode,othercode,ctrltype,paramstype,paramscode,paramsname)values('120078','2002','000000','000000','P','PayEndYearFlag','3','3年');
insert into LMRISKPARAMSDEF(riskcode,riskver,dutycode,othercode,ctrltype,paramstype,paramscode,paramsname)values('120078','2002','000000','000000','P','PayEndYearFlag','5','5年');
insert into LMRISKPARAMSDEF(riskcode,riskver,dutycode,othercode,ctrltype,paramstype,paramscode,paramsname)values('120078','2002','000000','000000','P','PayEndYearFlag','10','10年');
insert into LMRISKPARAMSDEF(riskcode,riskver,dutycode,othercode,ctrltype,paramstype,paramscode,paramsname)values('120078','2002','000000','000000','P','PayEndYearFlag','1000','趸交');
insert into LMRISKPARAMSDEF(riskcode,riskver,dutycode,othercode,ctrltype,paramstype,paramscode,paramsname)values('120078','2002','000000','000000','P','bonusgetmode','1','累积生息 ');
insert into LMRISKPARAMSDEF(riskcode,riskver,dutycode,othercode,ctrltype,paramstype,paramscode,paramsname)values('120078','2002','000000','000000','P','bonusgetmode','2','现金领取');
insert into LMRISKPARAMSDEF(riskcode,riskver,dutycode,othercode,ctrltype,paramstype,paramscode,paramsname)values('120078','2002','000000','000000','P','bonusgetmode','4','增额交清');
insert into LMRISKPARAMSDEF(riskcode,riskver,dutycode,othercode,ctrltype,paramstype,paramscode,paramsname)values('120078','2002','000000','000000','P','payintv','12','年交');
insert into LMRISKPARAMSDEF(riskcode,riskver,dutycode,othercode,ctrltype,paramstype,paramscode,paramsname)values('120078','2002','000000','000000','P','payintv','0','趸交');
insert into LMRISKPARAMSDEF(riskcode,riskver,dutycode,othercode,ctrltype,paramstype,paramscode,paramsname)values('120078','2002','000000','000000','P','payendyear','1000','趸交');
insert into LMRISKPARAMSDEF(riskcode,riskver,dutycode,othercode,ctrltype,paramstype,paramscode,paramsname)values('120078','2002','000000','000000','P','payendyear','5','5年');
insert into LMRISKPARAMSDEF(riskcode,riskver,dutycode,othercode,ctrltype,paramstype,paramscode,paramsname)values('120078','2002','000000','000000','P','payendyear','10','10年');
insert into LMRISKPARAMSDEF(riskcode,riskver,dutycode,othercode,ctrltype,paramstype,paramscode,paramsname)values('120078','2002','000000','000000','P','payendyear','3','3年');
insert into LMRISKPARAMSDEF(riskcode,riskver,dutycode,othercode,ctrltype,paramstype,paramscode,paramsname)values('120078','2002','000000','000000','D','insuyear','25','至25周岁');
insert into LMRISKPARAMSDEF(riskcode,riskver,dutycode,othercode,ctrltype,paramstype,paramscode,paramsname)values('120078','2002','000000','000000','D','insuyear','30','30年');
insert into LMRISKPARAMSDEF(riskcode,riskver,dutycode,othercode,ctrltype,paramstype,paramscode,paramsname)values('120078','2002','000000','000000','D','insuyearflag','A','岁');
insert into LMRISKPARAMSDEF(riskcode,riskver,dutycode,othercode,ctrltype,paramstype,paramscode,paramsname)values('120078','2002','000000','000000','D','insuyearflag','Y','年');

DELETE FROM LDAUTOAPPROVECONFIG where RISKCODE='120078';
insert into LDAUTOAPPROVECONFIG(serialno,edortype,managecom,autolevel,riskcode,salechnl,moneyhigh,moneylow,issameaccno,apptype,isrf,isscan,issameperson,issameaccname,isidchange,isidtypechange,ishesday,isaccountchange)values((select  max(to_number(SERIALNO))+1 from LDAUTOAPPROVECONFIG),'CT',null,'0','120078','1','60000.00','0.00','1','5','0','1',null,null,null,null,null,null);
insert into LDAUTOAPPROVECONFIG(serialno,edortype,managecom,autolevel,riskcode,salechnl,moneyhigh,moneylow,issameaccno,apptype,isrf,isscan,issameperson,issameaccname,isidchange,isidtypechange,ishesday,isaccountchange)values((select  max(to_number(SERIALNO))+1 from LDAUTOAPPROVECONFIG),'CT',null,'0','120078','1','60000.00','0.00','1','5','0','1',null,null,null,null,'1',null);
insert into LDAUTOAPPROVECONFIG(serialno,edortype,managecom,autolevel,riskcode,salechnl,moneyhigh,moneylow,issameaccno,apptype,isrf,isscan,issameperson,issameaccname,isidchange,isidtypechange,ishesday,isaccountchange)values((select  max(to_number(SERIALNO))+1 from LDAUTOAPPROVECONFIG),'CT',null,'1','120078','1','60000.00','0.00','1','5','0','1',null,null,null,null,null,null);
insert into LDAUTOAPPROVECONFIG(serialno,edortype,managecom,autolevel,riskcode,salechnl,moneyhigh,moneylow,issameaccno,apptype,isrf,isscan,issameperson,issameaccname,isidchange,isidtypechange,ishesday,isaccountchange)values((select  max(to_number(SERIALNO))+1 from LDAUTOAPPROVECONFIG),'CT',null,'1','120078','1','60000.00','0.00','1','5','0','1',null,null,null,null,'1',null);
insert into LDAUTOAPPROVECONFIG(serialno,edortype,managecom,autolevel,riskcode,salechnl,moneyhigh,moneylow,issameaccno,apptype,isrf,isscan,issameperson,issameaccname,isidchange,isidtypechange,ishesday,isaccountchange)values((select  max(to_number(SERIALNO))+1 from LDAUTOAPPROVECONFIG),'CT',null,'9','120078','1','60000.00','0.00','1','5','0','1',null,null,null,null,null,null);
insert into LDAUTOAPPROVECONFIG(serialno,edortype,managecom,autolevel,riskcode,salechnl,moneyhigh,moneylow,issameaccno,apptype,isrf,isscan,issameperson,issameaccname,isidchange,isidtypechange,ishesday,isaccountchange)values((select  max(to_number(SERIALNO))+1 from LDAUTOAPPROVECONFIG),'CT',null,'9','120078','1','60000.00','0.00','1','5','0','1',null,null,null,null,'1',null);
insert into LDAUTOAPPROVECONFIG(serialno,edortype,managecom,autolevel,riskcode,salechnl,moneyhigh,moneylow,issameaccno,apptype,isrf,isscan,issameperson,issameaccname,isidchange,isidtypechange,ishesday,isaccountchange)values((select  max(to_number(SERIALNO))+1 from LDAUTOAPPROVECONFIG),'CT',null,'0','120078','3','60000.00','0.00','1','5','0','1',null,null,null,null,null,null);
insert into LDAUTOAPPROVECONFIG(serialno,edortype,managecom,autolevel,riskcode,salechnl,moneyhigh,moneylow,issameaccno,apptype,isrf,isscan,issameperson,issameaccname,isidchange,isidtypechange,ishesday,isaccountchange)values((select  max(to_number(SERIALNO))+1 from LDAUTOAPPROVECONFIG),'CT',null,'0','120078','3','60000.00','0.00','1','5','0','1',null,null,null,null,'1',null);
insert into LDAUTOAPPROVECONFIG(serialno,edortype,managecom,autolevel,riskcode,salechnl,moneyhigh,moneylow,issameaccno,apptype,isrf,isscan,issameperson,issameaccname,isidchange,isidtypechange,ishesday,isaccountchange)values((select  max(to_number(SERIALNO))+1 from LDAUTOAPPROVECONFIG),'CT',null,'1','120078','3','60000.00','0.00','1','5','0','1',null,null,null,null,null,null);
insert into LDAUTOAPPROVECONFIG(serialno,edortype,managecom,autolevel,riskcode,salechnl,moneyhigh,moneylow,issameaccno,apptype,isrf,isscan,issameperson,issameaccname,isidchange,isidtypechange,ishesday,isaccountchange)values((select  max(to_number(SERIALNO))+1 from LDAUTOAPPROVECONFIG),'CT',null,'1','120078','3','60000.00','0.00','1','5','0','1',null,null,null,null,'1',null);
insert into LDAUTOAPPROVECONFIG(serialno,edortype,managecom,autolevel,riskcode,salechnl,moneyhigh,moneylow,issameaccno,apptype,isrf,isscan,issameperson,issameaccname,isidchange,isidtypechange,ishesday,isaccountchange)values((select  max(to_number(SERIALNO))+1 from LDAUTOAPPROVECONFIG),'CT',null,'9','120078','3','60000.00','0.00','1','5','0','1',null,null,null,null,null,null);
insert into LDAUTOAPPROVECONFIG(serialno,edortype,managecom,autolevel,riskcode,salechnl,moneyhigh,moneylow,issameaccno,apptype,isrf,isscan,issameperson,issameaccname,isidchange,isidtypechange,ishesday,isaccountchange)values((select  max(to_number(SERIALNO))+1 from LDAUTOAPPROVECONFIG),'CT',null,'9','120078','3','60000.00','0.00','1','5','0','1',null,null,null,null,'1',null);
insert into LDAUTOAPPROVECONFIG(serialno,edortype,managecom,autolevel,riskcode,salechnl,moneyhigh,moneylow,issameaccno,apptype,isrf,isscan,issameperson,issameaccname,isidchange,isidtypechange,ishesday,isaccountchange)values((select  max(to_number(SERIALNO))+1 from LDAUTOAPPROVECONFIG),'CT',null,'0','120078','4','60000.00','0.00','1','5','0','1',null,null,null,null,null,null);
insert into LDAUTOAPPROVECONFIG(serialno,edortype,managecom,autolevel,riskcode,salechnl,moneyhigh,moneylow,issameaccno,apptype,isrf,isscan,issameperson,issameaccname,isidchange,isidtypechange,ishesday,isaccountchange)values((select  max(to_number(SERIALNO))+1 from LDAUTOAPPROVECONFIG),'CT',null,'0','120078','4','60000.00','0.00','1','5','0','1',null,null,null,null,'1',null);
insert into LDAUTOAPPROVECONFIG(serialno,edortype,managecom,autolevel,riskcode,salechnl,moneyhigh,moneylow,issameaccno,apptype,isrf,isscan,issameperson,issameaccname,isidchange,isidtypechange,ishesday,isaccountchange)values((select  max(to_number(SERIALNO))+1 from LDAUTOAPPROVECONFIG),'CT',null,'1','120078','4','60000.00','0.00','1','5','0','1',null,null,null,null,null,null);
insert into LDAUTOAPPROVECONFIG(serialno,edortype,managecom,autolevel,riskcode,salechnl,moneyhigh,moneylow,issameaccno,apptype,isrf,isscan,issameperson,issameaccname,isidchange,isidtypechange,ishesday,isaccountchange)values((select  max(to_number(SERIALNO))+1 from LDAUTOAPPROVECONFIG),'CT',null,'1','120078','4','60000.00','0.00','1','5','0','1',null,null,null,null,'1',null);
insert into LDAUTOAPPROVECONFIG(serialno,edortype,managecom,autolevel,riskcode,salechnl,moneyhigh,moneylow,issameaccno,apptype,isrf,isscan,issameperson,issameaccname,isidchange,isidtypechange,ishesday,isaccountchange)values((select  max(to_number(SERIALNO))+1 from LDAUTOAPPROVECONFIG),'CT',null,'9','120078','4','60000.00','0.00','1','5','0','1',null,null,null,null,null,null);
insert into LDAUTOAPPROVECONFIG(serialno,edortype,managecom,autolevel,riskcode,salechnl,moneyhigh,moneylow,issameaccno,apptype,isrf,isscan,issameperson,issameaccname,isidchange,isidtypechange,ishesday,isaccountchange)values((select  max(to_number(SERIALNO))+1 from LDAUTOAPPROVECONFIG),'CT',null,'9','120078','4','60000.00','0.00','1','5','0','1',null,null,null,null,'1',null);
insert into LDAUTOAPPROVECONFIG(serialno,edortype,managecom,autolevel,riskcode,salechnl,moneyhigh,moneylow,issameaccno,apptype,isrf,isscan,issameperson,issameaccname,isidchange,isidtypechange,ishesday,isaccountchange)values((select  max(to_number(SERIALNO))+1 from LDAUTOAPPROVECONFIG),'CT',null,'0','120078','5','60000.00','0.00','1','5','0','1',null,null,null,null,null,null);
insert into LDAUTOAPPROVECONFIG(serialno,edortype,managecom,autolevel,riskcode,salechnl,moneyhigh,moneylow,issameaccno,apptype,isrf,isscan,issameperson,issameaccname,isidchange,isidtypechange,ishesday,isaccountchange)values((select  max(to_number(SERIALNO))+1 from LDAUTOAPPROVECONFIG),'CT',null,'0','120078','5','60000.00','0.00','1','5','0','1',null,null,null,null,'1',null);
insert into LDAUTOAPPROVECONFIG(serialno,edortype,managecom,autolevel,riskcode,salechnl,moneyhigh,moneylow,issameaccno,apptype,isrf,isscan,issameperson,issameaccname,isidchange,isidtypechange,ishesday,isaccountchange)values((select  max(to_number(SERIALNO))+1 from LDAUTOAPPROVECONFIG),'CT',null,'1','120078','5','60000.00','0.00','1','5','0','1',null,null,null,null,null,null);
insert into LDAUTOAPPROVECONFIG(serialno,edortype,managecom,autolevel,riskcode,salechnl,moneyhigh,moneylow,issameaccno,apptype,isrf,isscan,issameperson,issameaccname,isidchange,isidtypechange,ishesday,isaccountchange)values((select  max(to_number(SERIALNO))+1 from LDAUTOAPPROVECONFIG),'CT',null,'1','120078','5','60000.00','0.00','1','5','0','1',null,null,null,null,'1',null);
insert into LDAUTOAPPROVECONFIG(serialno,edortype,managecom,autolevel,riskcode,salechnl,moneyhigh,moneylow,issameaccno,apptype,isrf,isscan,issameperson,issameaccname,isidchange,isidtypechange,ishesday,isaccountchange)values((select  max(to_number(SERIALNO))+1 from LDAUTOAPPROVECONFIG),'CT',null,'9','120078','5','60000.00','0.00','1','5','0','1',null,null,null,null,null,null);
insert into LDAUTOAPPROVECONFIG(serialno,edortype,managecom,autolevel,riskcode,salechnl,moneyhigh,moneylow,issameaccno,apptype,isrf,isscan,issameperson,issameaccname,isidchange,isidtypechange,ishesday,isaccountchange)values((select  max(to_number(SERIALNO))+1 from LDAUTOAPPROVECONFIG),'CT',null,'9','120078','5','60000.00','0.00','1','5','0','1',null,null,null,null,'1',null);

DELETE FROM LAWAGECALELEMENT where RISKCODE='120078';
insert into LAWAGECALELEMENT(riskcode,caltype,f1,f2,f3,f4,f5,calcode,branchtype,branchtype2)values('120078','13','0','0',null,null,null,'AR0013','3','01');
insert into LAWAGECALELEMENT(riskcode,caltype,f1,f2,f3,f4,f5,calcode,branchtype,branchtype2)values('120078','31','0','0',null,null,null,'AR0301','3','01');
insert into LAWAGECALELEMENT(riskcode,caltype,f1,f2,f3,f4,f5,calcode,branchtype,branchtype2)values('120078','32','0','0',null,null,null,'AR0302','3','01');

DELETE FROM EBSPROTOPROCATALOGDETAIL where RISKCODE='120078';
insert into EBSPROTOPROCATALOGDETAIL(riskcode,riskname,pccserialno,pcc_code,pcc_name,risktype,risktypename,state,auditstate,auditfailreason,auditope,auditdate,audittime,riskauditstate,riskbatchno,riskdealstate,operator,makedate,maketime,modifyoperator,modifydate,modifytime)values('120078','中邮未来星年金保险（分红型）','0','00',null,'811',null,null,null,null,null,null,null,null,null,null,null,null,null,null,null,null);

DELETE FROM LMRISKEDORRULE where RISKCODE='120078';
insert into LMRISKEDORRULE(riskplanflag,riskcode,riskname,edorcode,edorname,conttype,salechnl,selltype,managecom,ruletype,ruletypedesc,subruletype,subruletypedesc,samemanflag,pubruleflag,serialno,calcode,shortdesc,state,remark,makeoperator,makedate,maketime,modifyoperator,modifydate,modifytime)values('R','120078','中邮未来星年金保险（分红型）','CT','解除合同','1','1','01','86','E','添加申请规则','00','所有环节','00','00','0','IEA10388','存在应派未派的红利，暂不支持操作此项目','0',null,'8600071',to_date ('2026-04-09', 'YYYY-MM-DD' ),'11:33:49','8600071',to_date ('2026-04-09', 'YYYY-MM-DD' ),'11:33:49');
insert into LMRISKEDORRULE(riskplanflag,riskcode,riskname,edorcode,edorname,conttype,salechnl,selltype,managecom,ruletype,ruletypedesc,subruletype,subruletypedesc,samemanflag,pubruleflag,serialno,calcode,shortdesc,state,remark,makeoperator,makedate,maketime,modifyoperator,modifydate,modifytime)values('R','120078','中邮未来星年金保险（分红型）','EA','公司解约','1','1','01','86','E','添加申请规则','00','所有环节','00','00','0','IEA10388','存在应派未派的红利，暂不支持操作此项目','0',null,'8600071',to_date ('2026-04-09', 'YYYY-MM-DD' ),'11:34:23','8600071',to_date ('2026-04-09', 'YYYY-MM-DD' ),'11:34:23');
insert into LMRISKEDORRULE(riskplanflag,riskcode,riskname,edorcode,edorname,conttype,salechnl,selltype,managecom,ruletype,ruletypedesc,subruletype,subruletypedesc,samemanflag,pubruleflag,serialno,calcode,shortdesc,state,remark,makeoperator,makedate,maketime,modifyoperator,modifydate,modifytime)values('R','120078','中邮未来星年金保险（分红型）','HG','红利领取','1','1','01','86','E','添加申请规则','00','所有环节','00','00','0','IEA10407','红利领取方式为交清增额，不支持操作红利领取','0',null,'8600071',to_date ('2026-04-09', 'YYYY-MM-DD' ),'11:33:09','8600071',to_date ('2026-04-09', 'YYYY-MM-DD' ),'11:33:09');
insert into LMRISKEDORRULE(riskplanflag,riskcode,riskname,edorcode,edorname,conttype,salechnl,selltype,managecom,ruletype,ruletypedesc,subruletype,subruletypedesc,samemanflag,pubruleflag,serialno,calcode,shortdesc,state,remark,makeoperator,makedate,maketime,modifyoperator,modifydate,modifytime)values('R','120078','中邮未来星年金保险（分红型）','IO','职业类别变更','1','1','01','86','E','保全明细规则','00','00','00','00','0','IEA00154','当职业类别变更为拒保类职业时，须做解约处理','0',null,'8600071',to_date ('2026-04-09', 'YYYY-MM-DD' ),'11:32:33','8600071',to_date ('2026-04-09', 'YYYY-MM-DD' ),'11:32:33');
insert into LMRISKEDORRULE(riskplanflag,riskcode,riskname,edorcode,edorname,conttype,salechnl,selltype,managecom,ruletype,ruletypedesc,subruletype,subruletypedesc,samemanflag,pubruleflag,serialno,calcode,shortdesc,state,remark,makeoperator,makedate,maketime,modifyoperator,modifydate,modifytime)values('R','120078','中邮未来星年金保险（分红型）','LN','保险单质押借款','1','1','01','86','E','添加申请规则','00','00','00','00','0','IEA00067','您的保单未过犹豫期，请在犹豫期后申请！','0',null,'8600071',to_date ('2026-04-09', 'YYYY-MM-DD' ),'11:32:18','8600071',to_date ('2026-04-09', 'YYYY-MM-DD' ),'11:32:18');
insert into LMRISKEDORRULE(riskplanflag,riskcode,riskname,edorcode,edorname,conttype,salechnl,selltype,managecom,ruletype,ruletypedesc,subruletype,subruletypedesc,samemanflag,pubruleflag,serialno,calcode,shortdesc,state,remark,makeoperator,makedate,maketime,modifyoperator,modifydate,modifytime)values('R','120078','中邮未来星年金保险（分红型）','PT','减少保额','1','1','01','86','E','保全明细规则','00','00','00','00','0','IEA10248','保单年度累计减少的基本保险金额不得超过保单生效时基本保险金额的20%','0',null,'8600071',to_date ('2026-04-09', 'YYYY-MM-DD' ),'11:30:12','8600071',to_date ('2026-04-09', 'YYYY-MM-DD' ),'11:30:12');
insert into LMRISKEDORRULE(riskplanflag,riskcode,riskname,edorcode,edorname,conttype,salechnl,selltype,managecom,ruletype,ruletypedesc,subruletype,subruletypedesc,samemanflag,pubruleflag,serialno,calcode,shortdesc,state,remark,makeoperator,makedate,maketime,modifyoperator,modifydate,modifytime)values('R','120078','中邮未来星年金保险（分红型）','PT','减少保额','1','1','01','86','E','保全明细规则','00','所有环节','00','01','0','IEA10413','整数份投保且最低投保保额不满足产品投保要求','0',null,'8600071',to_date ('2026-04-09', 'YYYY-MM-DD' ),'11:30:32','8600071',to_date ('2026-04-09', 'YYYY-MM-DD' ),'11:30:32');
insert into LMRISKEDORRULE(riskplanflag,riskcode,riskname,edorcode,edorname,conttype,salechnl,selltype,managecom,ruletype,ruletypedesc,subruletype,subruletypedesc,samemanflag,pubruleflag,serialno,calcode,shortdesc,state,remark,makeoperator,makedate,maketime,modifyoperator,modifydate,modifytime)values('R','120078','中邮未来星年金保险（分红型）','PT','减少保额','1','1','01','86','E','添加申请规则','00','所有环节','00','00','0','IEA10434','犹豫期内不可操作减少保额！','0',null,'8600071',to_date ('2026-04-09', 'YYYY-MM-DD' ),'11:29:15','8600071',to_date ('2026-04-09', 'YYYY-MM-DD' ),'11:29:15');
insert into LMRISKEDORRULE(riskplanflag,riskcode,riskname,edorcode,edorname,conttype,salechnl,selltype,managecom,ruletype,ruletypedesc,subruletype,subruletypedesc,samemanflag,pubruleflag,serialno,calcode,shortdesc,state,remark,makeoperator,makedate,maketime,modifyoperator,modifydate,modifytime)values('R','120078','中邮未来星年金保险（分红型）','PT','减少保额','1','1','01','86','E','添加申请规则','00','所有环节','00','01','0','IEA10464','存在应派未派的红利，暂不支持操作此项目','0',null,'8600071',to_date ('2026-04-09', 'YYYY-MM-DD' ),'11:30:55','8600071',to_date ('2026-04-09', 'YYYY-MM-DD' ),'11:30:55');
insert into LMRISKEDORRULE(riskplanflag,riskcode,riskname,edorcode,edorname,conttype,salechnl,selltype,managecom,ruletype,ruletypedesc,subruletype,subruletypedesc,samemanflag,pubruleflag,serialno,calcode,shortdesc,state,remark,makeoperator,makedate,maketime,modifyoperator,modifydate,modifytime)values('R','120078','中邮未来星年金保险（分红型）','XT','协议退保','1','1','01','86','E','添加申请规则','00','所有环节','00','00','0','IEA10388','存在应派未派的红利，暂不支持操作此项目','0',null,'8600071',to_date ('2026-04-09', 'YYYY-MM-DD' ),'11:34:07','8600071',to_date ('2026-04-09', 'YYYY-MM-DD' ),'11:34:07');

DELETE FROM LMRISKBASEPARA where RISKCODE='120078';
insert into LMRISKBASEPARA(riskcode,riskver,riskrole,paratype,paravalue,paravaluedesc)values('120078','2002','00','BonusGetMode','1','累积生息 ');
insert into LMRISKBASEPARA(riskcode,riskver,riskrole,paratype,paravalue,paravaluedesc)values('120078','2002','00','BonusGetMode','2','现金领取');
insert into LMRISKBASEPARA(riskcode,riskver,riskrole,paratype,paravalue,paravaluedesc)values('120078','2002','00','BonusGetMode','4','增额交清');
insert into LMRISKBASEPARA(riskcode,riskver,riskrole,paratype,paravalue,paravaluedesc)values('120078','2002','00','AutoPayFlag','0','不自垫');
insert into LMRISKBASEPARA(riskcode,riskver,riskrole,paratype,paravalue,paravaluedesc)values('120078','2002','00','RnewFlag','N','不自动续保');
insert into LMRISKBASEPARA(riskcode,riskver,riskrole,paratype,paravalue,paravaluedesc)values('120078','2002','00','OccupationType','R','拒保');
insert into LMRISKBASEPARA(riskcode,riskver,riskrole,paratype,paravalue,paravaluedesc)values('120078','2002','00','OccupationType','1','一类');
insert into LMRISKBASEPARA(riskcode,riskver,riskrole,paratype,paravalue,paravaluedesc)values('120078','2002','00','OccupationType','2','二类');
insert into LMRISKBASEPARA(riskcode,riskver,riskrole,paratype,paravalue,paravaluedesc)values('120078','2002','00','OccupationType','3','三类');
insert into LMRISKBASEPARA(riskcode,riskver,riskrole,paratype,paravalue,paravaluedesc)values('120078','2002','00','OccupationType','4','四类');
insert into LMRISKBASEPARA(riskcode,riskver,riskrole,paratype,paravalue,paravaluedesc)values('120078','2002','00','OccupationType','5','五类');
insert into LMRISKBASEPARA(riskcode,riskver,riskrole,paratype,paravalue,paravaluedesc)values('120078','2002','00','OccupationType','6','六类');
insert into LMRISKBASEPARA(riskcode,riskver,riskrole,paratype,paravalue,paravaluedesc)values('120078','2002','01','OccupationType','1','一类');
insert into LMRISKBASEPARA(riskcode,riskver,riskrole,paratype,paravalue,paravaluedesc)values('120078','2002','01','OccupationType','2','二类');
insert into LMRISKBASEPARA(riskcode,riskver,riskrole,paratype,paravalue,paravaluedesc)values('120078','2002','01','OccupationType','3','三类');
insert into LMRISKBASEPARA(riskcode,riskver,riskrole,paratype,paravalue,paravaluedesc)values('120078','2002','01','OccupationType','4','四类');
insert into LMRISKBASEPARA(riskcode,riskver,riskrole,paratype,paravalue,paravaluedesc)values('120078','2002','01','OccupationType','5','五类');
insert into LMRISKBASEPARA(riskcode,riskver,riskrole,paratype,paravalue,paravaluedesc)values('120078','2002','01','OccupationType','6','六类');

DELETE FROM LMRISKROLE where RISKCODE='120078';
insert into LMRISKROLE(riskcode,riskver,riskrole,riskrolesex,riskroleno,minappageflag,minappage,maxappageflag,maxappage,minmult,maxmult,minsummult,maxsummult,minamnt,maxamnt,minsumamnt,maxsumamnt,amnt)values('120078','2002','00','2','00','Y','18','Y','105',null,null,null,null,'3000','-1','3000','-1','1000');
insert into LMRISKROLE(riskcode,riskver,riskrole,riskrolesex,riskroleno,minappageflag,minappage,maxappageflag,maxappage,minmult,maxmult,minsummult,maxsummult,minamnt,maxamnt,minsumamnt,maxsumamnt,amnt)values('120078','2002','01','2','00','D','30','Y','24',null,null,null,null,'3000','-1','3000','-1','1000');

DELETE FROM LMRISKPAY where RISKCODE='120078';
insert into LMRISKPAY(riskcode,riskver,riskname,urgepayflag,chargetype,cutpayintv,payavoidtype,chargeandprem,baladatetype,payavoidflag,payandreveffe,graceperiod,graceperiodunit,gracedatecalmode)values('120078','2002','中邮未来星年金保险（分红型）','Y',null,null,null,null,null,null,null,'60','D','0');

DELETE FROM LMRISKBASEPARARELA where RISKCODE='120078';
insert into LMRISKBASEPARARELA(riskcode,riskver,payintv,payendyearflag,payendyear,insuyearflag,insuyear,getintv,getyearflag,getyear,appntminageflag,appntminage,appntmaxageflag,appntmaxage,insuminageflag,insuminage,insumaxageflag,insumaxage,relatomainmult,minmult,maxmult,state,insusex)values('120078','2002','0','Y','1000','A','25','-1','A','25',null,null,null,null,'D','30','Y','12',null,null,null,'0','2');
insert into LMRISKBASEPARARELA(riskcode,riskver,payintv,payendyearflag,payendyear,insuyearflag,insuyear,getintv,getyearflag,getyear,appntminageflag,appntminage,appntmaxageflag,appntmaxage,insuminageflag,insuminage,insumaxageflag,insumaxage,relatomainmult,minmult,maxmult,state,insusex)values('120078','2002','12','Y','3','A','25','-1','A','25',null,null,null,null,'D','30','Y','12',null,null,null,'0','2');
insert into LMRISKBASEPARARELA(riskcode,riskver,payintv,payendyearflag,payendyear,insuyearflag,insuyear,getintv,getyearflag,getyear,appntminageflag,appntminage,appntmaxageflag,appntmaxage,insuminageflag,insuminage,insumaxageflag,insumaxage,relatomainmult,minmult,maxmult,state,insusex)values('120078','2002','12','Y','5','A','25','-1','A','25',null,null,null,null,'D','30','Y','12',null,null,null,'0','2');
insert into LMRISKBASEPARARELA(riskcode,riskver,payintv,payendyearflag,payendyear,insuyearflag,insuyear,getintv,getyearflag,getyear,appntminageflag,appntminage,appntmaxageflag,appntmaxage,insuminageflag,insuminage,insumaxageflag,insumaxage,relatomainmult,minmult,maxmult,state,insusex)values('120078','2002','12','Y','10','A','25','-1','A','25',null,null,null,null,'D','30','Y','8',null,null,null,'0','2');
insert into LMRISKBASEPARARELA(riskcode,riskver,payintv,payendyearflag,payendyear,insuyearflag,insuyear,getintv,getyearflag,getyear,appntminageflag,appntminage,appntmaxageflag,appntmaxage,insuminageflag,insuminage,insumaxageflag,insumaxage,relatomainmult,minmult,maxmult,state,insusex)values('120078','2002','0','Y','1000','A','30','-1','A','30',null,null,null,null,'D','30','Y','17',null,null,null,'0','2');
insert into LMRISKBASEPARARELA(riskcode,riskver,payintv,payendyearflag,payendyear,insuyearflag,insuyear,getintv,getyearflag,getyear,appntminageflag,appntminage,appntmaxageflag,appntmaxage,insuminageflag,insuminage,insumaxageflag,insumaxage,relatomainmult,minmult,maxmult,state,insusex)values('120078','2002','12','Y','3','A','30','-1','A','30',null,null,null,null,'D','30','Y','17',null,null,null,'0','2');
insert into LMRISKBASEPARARELA(riskcode,riskver,payintv,payendyearflag,payendyear,insuyearflag,insuyear,getintv,getyearflag,getyear,appntminageflag,appntminage,appntmaxageflag,appntmaxage,insuminageflag,insuminage,insumaxageflag,insumaxage,relatomainmult,minmult,maxmult,state,insusex)values('120078','2002','12','Y','5','A','30','-1','A','30',null,null,null,null,'D','30','Y','17',null,null,null,'0','2');
insert into LMRISKBASEPARARELA(riskcode,riskver,payintv,payendyearflag,payendyear,insuyearflag,insuyear,getintv,getyearflag,getyear,appntminageflag,appntminage,appntmaxageflag,appntmaxage,insuminageflag,insuminage,insumaxageflag,insumaxage,relatomainmult,minmult,maxmult,state,insusex)values('120078','2002','12','Y','10','A','30','-1','A','30',null,null,null,null,'D','30','Y','8',null,null,null,'0','2');
insert into LMRISKBASEPARARELA(riskcode,riskver,payintv,payendyearflag,payendyear,insuyearflag,insuyear,getintv,getyearflag,getyear,appntminageflag,appntminage,appntmaxageflag,appntmaxage,insuminageflag,insuminage,insumaxageflag,insumaxage,relatomainmult,minmult,maxmult,state,insusex)values('120078','2002','0','Y','1000','Y','30','-1','Y','30',null,null,null,null,'D','30','Y','24',null,null,null,'0','2');
insert into LMRISKBASEPARARELA(riskcode,riskver,payintv,payendyearflag,payendyear,insuyearflag,insuyear,getintv,getyearflag,getyear,appntminageflag,appntminage,appntmaxageflag,appntmaxage,insuminageflag,insuminage,insumaxageflag,insumaxage,relatomainmult,minmult,maxmult,state,insusex)values('120078','2002','12','Y','3','Y','30','-1','Y','30',null,null,null,null,'D','30','Y','24',null,null,null,'0','2');
insert into LMRISKBASEPARARELA(riskcode,riskver,payintv,payendyearflag,payendyear,insuyearflag,insuyear,getintv,getyearflag,getyear,appntminageflag,appntminage,appntmaxageflag,appntmaxage,insuminageflag,insuminage,insumaxageflag,insumaxage,relatomainmult,minmult,maxmult,state,insusex)values('120078','2002','12','Y','5','Y','30','-1','Y','30',null,null,null,null,'D','30','Y','24',null,null,null,'0','2');
insert into LMRISKBASEPARARELA(riskcode,riskver,payintv,payendyearflag,payendyear,insuyearflag,insuyear,getintv,getyearflag,getyear,appntminageflag,appntminage,appntmaxageflag,appntmaxage,insuminageflag,insuminage,insumaxageflag,insumaxage,relatomainmult,minmult,maxmult,state,insusex)values('120078','2002','12','Y','10','Y','30','-1','Y','30',null,null,null,null,'D','30','Y','20',null,null,null,'0','2');

DELETE FROM LMRISKDUTY where RISKCODE='120078';
insert into LMRISKDUTY(riskcode,riskver,dutycode,choflag,specflag)values('120078','2002','D44133','C','N');
insert into LMRISKDUTY(riskcode,riskver,dutycode,choflag,specflag)values('120078','2002','D44134','C','N');

DELETE FROM LMCALMODE where RISKCODE='120078';
insert into LMCALMODE(calcode,riskcode,type,calsql,remark)values('IP0323','120078','P','select ?Mult?*1000 from dual','中邮未来星年金保险(分红型)保障方案一责任缴费');
insert into LMCALMODE(calcode,riskcode,type,calsql,remark)values('IP0324','120078','P','select ?Mult?*1000 from dual','中邮未来星年金保险(分红型)保障方案二责任缴费');
insert into LMCALMODE(calcode,riskcode,type,calsql,remark)values('IA0617','120078','A','select round(nvl((select ?Mult?*sa FROM rt_120078 where sex=''?Sex?'' and payendyear=?PayEndYear?  and appage=?AppAge? and insuyear=?InsuYear? AND dutycode = ''?DutyCode?''),0),2) FROM dual','保额算法');
insert into LMCALMODE(calcode,riskcode,type,calsql,remark)values('IA0618','120078','A','select round(nvl((select ?Mult?*sa FROM rt_120078 where sex=''?Sex?'' and payendyear=?PayEndYear?  and appage=?AppAge? and insuyear=?InsuYear? AND dutycode = ''?DutyCode?''),0),2) FROM dual','保额算法');
insert into LMCALMODE(calcode,riskcode,type,calsql,remark)values('IA0619','120078','A','select round(nvl((select ?Mult?*sa FROM rt_120078 where sex=''?Sex?'' and payendyear=?PayEndYear?  and appage=?AppAge? and insuyear=?InsuYear? AND dutycode = ''?DutyCode?''),0),2) FROM dual','保额算法');
insert into LMCALMODE(calcode,riskcode,type,calsql,remark)values('IA0620','120078','A','select round(nvl((select ?Mult?*sa FROM rt_120078 where sex=''?Sex?'' and payendyear=?PayEndYear?  and appage=?AppAge? and insuyear=?InsuYear? AND dutycode = ''?DutyCode?''),0),2) FROM dual','保额算法');
insert into LMCALMODE(calcode,riskcode,type,calsql,remark)values('IA0622','120078','A','select round(nvl((select ?Mult?*sa FROM rt_120078 where sex=''?Sex?'' and payendyear=?PayEndYear?  and appage=?AppAge? and insuyear=?InsuYear? AND dutycode = ''?DutyCode?''),0),2) FROM dual','保额算法');
insert into LMCALMODE(calcode,riskcode,type,calsql,remark)values('IA0623','120078','A','select round(nvl((select ?Mult?*sa FROM rt_120078 where sex=''?Sex?'' and payendyear=?PayEndYear?  and appage=?AppAge? and insuyear=?InsuYear? AND dutycode = ''?DutyCode?''),0),2) FROM dual','保额算法');
insert into LMCALMODE(calcode,riskcode,type,calsql,remark)values('IA0624','120078','A','select round(nvl((select ?Mult?*sa FROM rt_120078 where sex=''?Sex?'' and payendyear=?PayEndYear?  and appage=?AppAge? and insuyear=?InsuYear? AND dutycode = ''?DutyCode?''),0),2) FROM dual','保额算法');
insert into LMCALMODE(calcode,riskcode,type,calsql,remark)values('IA0625','120078','A','select round(nvl((select ?Mult?*sa FROM rt_120078 where sex=''?Sex?'' and payendyear=?PayEndYear?  and appage=?AppAge? and insuyear=?InsuYear? AND dutycode = ''?DutyCode?''),0),2) FROM dual','保额算法');
insert into LMCALMODE(calcode,riskcode,type,calsql,remark)values('IA0621','120078','A','select round(nvl((select ?Mult?*sa FROM rt_120078 where sex=''?Sex?'' and payendyear=?PayEndYear?  and appage=?AppAge? and insuyear=?InsuYear? AND dutycode = ''?DutyCode?''),0),2) FROM dual','保额算法');
insert into LMCALMODE(calcode,riskcode,type,calsql,remark)values('IA0626','120078','A','select round(nvl((select ?Mult?*sa FROM rt_120078 where sex=''?Sex?'' and payendyear=?PayEndYear?  and appage=?AppAge? and insuyear=?InsuYear? AND dutycode = ''?DutyCode?''),0),2) FROM dual','保额算法');
insert into LMCALMODE(calcode,riskcode,type,calsql,remark)values('IA0627','120078','A','select round(nvl((select ?Mult?*sa FROM rt_120078 where sex=''?Sex?'' and payendyear=?PayEndYear?  and appage=?AppAge? and insuyear=?InsuYear? AND dutycode = ''?DutyCode?''),0),2) FROM dual','保额算法');
insert into LMCALMODE(calcode,riskcode,type,calsql,remark)values('IA0628','120078','A','select round(nvl((select ?Mult?*sa FROM rt_120078 where sex=''?Sex?'' and payendyear=?PayEndYear?  and appage=?AppAge? and insuyear=?InsuYear? AND dutycode = ''?DutyCode?''),0),2) FROM dual','保额算法');
insert into LMCALMODE(calcode,riskcode,type,calsql,remark)values('IA0629','120078','A','select round(nvl((select ?Mult?*sa FROM rt_120078 where sex=''?Sex?'' and payendyear=?PayEndYear?  and appage=?AppAge? and insuyear=?InsuYear? AND dutycode = ''?DutyCode?''),0),2) FROM dual','保额算法');
insert into LMCALMODE(calcode,riskcode,type,calsql,remark)values('IA0630','120078','A','select round(nvl((select ?Mult?*sa FROM rt_120078 where sex=''?Sex?'' and payendyear=?PayEndYear?  and appage=?AppAge? and insuyear=?InsuYear? AND dutycode = ''?DutyCode?''),0),2) FROM dual','保额算法');
insert into LMCALMODE(calcode,riskcode,type,calsql,remark)values('IA0631','120078','A','select round(nvl((select ?Mult?*sa FROM rt_120078 where sex=''?Sex?'' and payendyear=?PayEndYear?  and appage=?AppAge? and insuyear=?InsuYear? AND dutycode = ''?DutyCode?''),0),2) FROM dual','保额算法');
insert into LMCALMODE(calcode,riskcode,type,calsql,remark)values('ISB0007','120078','SB','SELECT duration,maxb*#{mult} as money FROM RESERVE_120078 WHERE insuredsex = #{insuredSex} AND insuredappage = #{insuredAppAge} AND payendyear = #{payEndYear} AND insuyear = #{insuYear} AND getyear = #{getYear} AND dutycode = #{dutyCode} AND duration between #{durationStart} and #{durationEnd} ORDER BY duration ASC','生存金测算算法');
insert into LMCALMODE(calcode,riskcode,type,calsql,remark)values('IMB0004','120078','MB','SELECT duration,msb*#{mult} as money FROM RESERVE_120078 WHERE insuredsex = #{insuredSex} AND insuredappage = #{insuredAppAge} AND payendyear = #{payEndYear} AND insuyear = #{insuYear} AND getyear = #{getYear} AND dutycode = #{dutyCode} AND duration between #{durationStart} and #{durationEnd} ORDER BY duration ASC','120078满期金测算算法');
insert into LMCALMODE(calcode,riskcode,type,calsql,remark)values('ID0086','120078','D','SELECT CASE ''?GetDutyCode?'' 
WHEN ''G54114'' THEN 0.03*?Amnt? --方案一 成长守护金
WHEN ''G54121'' THEN 0.03*?Amnt? --方案二 成长守护金

WHEN ''G54115'' THEN 0.3*?Amnt? --方案一 大学教育金
WHEN ''G54122'' THEN 0.3*?Amnt? --方案二 大学教育金

WHEN ''G54116'' THEN 0.5*?Amnt? --方案一 深造教育金
WHEN ''G54123'' THEN 0.5*?Amnt? --方案二 深造教育金

WHEN ''G54117'' THEN 0.8*?Amnt? --方案一 有成关爱金
WHEN ''G54124'' THEN 0.8*?Amnt? --方案二 有成关爱金

WHEN ''G54119'' THEN 2*?Amnt? --方案一 满期保险金
WHEN ''G54135'' THEN 1.2*?Amnt? --方案二 满期保险金

WHEN ''G54134'' THEN 0.2*?Amnt? --方案二逐梦远航金
end
FROM dual','120078生存金算法');
insert into LMCALMODE(calcode,riskcode,type,calsql,remark)values('120078CV','120078','E','select  cashvalue from cv_120078 where insyear between ?BeginInterval? and ?EndInterval? and appage=?AppAge? and sex=''?Sex?'' and payendyear=?PayEndYear? and dutycode=''?DutyCode?'' and insuYear=?InsuYear? order by insyear','保单打印取现价表');
insert into LMCALMODE(calcode,riskcode,type,calsql,remark)values('RA120078','120078','HMA','风险保额','风险保额');
insert into LMCALMODE(calcode,riskcode,type,calsql,remark)values('IC0223','120078','C','select 1 from dual','理赔算法');

DELETE FROM LMRISKEDORITEM where RISKCODE='120078';
insert into LMRISKEDORITEM(riskcode,riskname,edorcode,fintype,edorproperty)values('120078','中邮未来星年金保险（分红型）','AC',null,null);
insert into LMRISKEDORITEM(riskcode,riskname,edorcode,fintype,edorproperty)values('120078','中邮未来星年金保险（分红型）','BB',null,null);
insert into LMRISKEDORITEM(riskcode,riskname,edorcode,fintype,edorproperty)values('120078','中邮未来星年金保险（分红型）','IC',null,null);
insert into LMRISKEDORITEM(riskcode,riskname,edorcode,fintype,edorproperty)values('120078','中邮未来星年金保险（分红型）','BC',null,null);
insert into LMRISKEDORITEM(riskcode,riskname,edorcode,fintype,edorproperty)values('120078','中邮未来星年金保险（分红型）','CD',null,null);
insert into LMRISKEDORITEM(riskcode,riskname,edorcode,fintype,edorproperty)values('120078','中邮未来星年金保险（分红型）','CM',null,null);
insert into LMRISKEDORITEM(riskcode,riskname,edorcode,fintype,edorproperty)values('120078','中邮未来星年金保险（分红型）','IO',null,null);
insert into LMRISKEDORITEM(riskcode,riskname,edorcode,fintype,edorproperty)values('120078','中邮未来星年金保险（分红型）','PC',null,null);
insert into LMRISKEDORITEM(riskcode,riskname,edorcode,fintype,edorproperty)values('120078','中邮未来星年金保险（分红型）','GC',null,null);
insert into LMRISKEDORITEM(riskcode,riskname,edorcode,fintype,edorproperty)values('120078','中邮未来星年金保险（分红型）','HC',null,null);
insert into LMRISKEDORITEM(riskcode,riskname,edorcode,fintype,edorproperty)values('120078','中邮未来星年金保险（分红型）','HG',null,null);
insert into LMRISKEDORITEM(riskcode,riskname,edorcode,fintype,edorproperty)values('120078','中邮未来星年金保险（分红型）','AG',null,null);
insert into LMRISKEDORITEM(riskcode,riskname,edorcode,fintype,edorproperty)values('120078','中邮未来星年金保险（分红型）','XG',null,null);
insert into LMRISKEDORITEM(riskcode,riskname,edorcode,fintype,edorproperty)values('120078','中邮未来星年金保险（分红型）','LN',null,null);
insert into LMRISKEDORITEM(riskcode,riskname,edorcode,fintype,edorproperty)values('120078','中邮未来星年金保险（分红型）','RF',null,null);
insert into LMRISKEDORITEM(riskcode,riskname,edorcode,fintype,edorproperty)values('120078','中邮未来星年金保险（分红型）','PT',null,null);
insert into LMRISKEDORITEM(riskcode,riskname,edorcode,fintype,edorproperty)values('120078','中邮未来星年金保险（分红型）','RE',null,null);
insert into LMRISKEDORITEM(riskcode,riskname,edorcode,fintype,edorproperty)values('120078','中邮未来星年金保险（分红型）','LR',null,null);
insert into LMRISKEDORITEM(riskcode,riskname,edorcode,fintype,edorproperty)values('120078','中邮未来星年金保险（分红型）','SE',null,null);
insert into LMRISKEDORITEM(riskcode,riskname,edorcode,fintype,edorproperty)values('120078','中邮未来星年金保险（分红型）','CT',null,null);
insert into LMRISKEDORITEM(riskcode,riskname,edorcode,fintype,edorproperty)values('120078','中邮未来星年金保险（分红型）','XT',null,null);
insert into LMRISKEDORITEM(riskcode,riskname,edorcode,fintype,edorproperty)values('120078','中邮未来星年金保险（分红型）','EA',null,null);
insert into LMRISKEDORITEM(riskcode,riskname,edorcode,fintype,edorproperty)values('120078','中邮未来星年金保险（分红型）','RB',null,null);
insert into LMRISKEDORITEM(riskcode,riskname,edorcode,fintype,edorproperty)values('120078','中邮未来星年金保险（分红型）','NC',null,null);
insert into LMRISKEDORITEM(riskcode,riskname,edorcode,fintype,edorproperty)values('120078','中邮未来星年金保险（分红型）','HI',null,null);
insert into LMRISKEDORITEM(riskcode,riskname,edorcode,fintype,edorproperty)values('120078','中邮未来星年金保险（分红型）','PR',null,null);
insert into LMRISKEDORITEM(riskcode,riskname,edorcode,fintype,edorproperty)values('120078','中邮未来星年金保险（分红型）','PL',null,null);
insert into LMRISKEDORITEM(riskcode,riskname,edorcode,fintype,edorproperty)values('120078','中邮未来星年金保险（分红型）','SP',null,null);

DELETE FROM LMEDORWT where RISKCODE='120078';
insert into LMEDORWT(riskcode,riskversion,hesitateflag,hesitatetype,hesitatestart,hesitateend,calcode,standbyflag1,standbyflag2,standbyflag3)values('120078','2002','Y','D','0','15','YDG001',null,null,null);

DELETE FROM LMEDORZT where RISKCODE='120078';
insert into LMEDORZT(riskcode,riskversion,cycflag,cyctype,cycstart,cycend,onepayflag,onepaytype,onepaystart,onepayend,feefinatype,addfeebackflag)values('120078','2002','1',null,null,null,'1',null,null,null,'TB',null);

DELETE FROM LMEDORZT1 where RISKCODE='120078';
insert into LMEDORZT1(riskcode,dutycode,payplancode,surrcaltype,cycpayintvtype,cycpaycalcode,livegettype,deadgettype,calcodetype,ztyeartype)values('120078','D44133','000000','1','0','IL0038','1',null,'1','1');
insert into LMEDORZT1(riskcode,dutycode,payplancode,surrcaltype,cycpayintvtype,cycpaycalcode,livegettype,deadgettype,calcodetype,ztyeartype)values('120078','D44133','000000','1','12','IL0038','1',null,'1','1');
insert into LMEDORZT1(riskcode,dutycode,payplancode,surrcaltype,cycpayintvtype,cycpaycalcode,livegettype,deadgettype,calcodetype,ztyeartype)values('120078','D44134','000000','1','12','IL0038','1',null,'1','1');
insert into LMEDORZT1(riskcode,dutycode,payplancode,surrcaltype,cycpayintvtype,cycpaycalcode,livegettype,deadgettype,calcodetype,ztyeartype)values('120078','D44134','000000','1','0','IL0038','1',null,'1','1');

DELETE FROM LMEDORZTDUTY where RISKCODE='120078';
insert into LMEDORZTDUTY(riskcode,dutycode,paybyacc,paycaltype)values('120078','D44133','0','1');
insert into LMEDORZTDUTY(riskcode,dutycode,paybyacc,paycaltype)values('120078','D44134','0','1');

DELETE FROM LMRISKAMNT where RISKCODE='120078';
insert into LMRISKAMNT(serialno,riskcode,maxamntcode,maxamntcodedes,remark,rate,amntflag,premflag,payyearsflag,maxamntcaltype)values('240','120078','1*?Prem?*?PayYears?','1*保费*缴费年期','调用函数CalMaxAmnt','1.00','00','01','01','01');

DELETE FROM LMRISK where RISKCODE='120078';
insert into LMRISK(riskcode,riskver,riskname,riskshortname,riskenname,riskenshortname,chodutyflag,cpayflag,getflag,edorflag,rnewflag,uwflag,rinsflag,insuaccflag,destrate,origriskcode,subriskver,riskstatname)values('120078','2002','中邮未来星年金保险（分红型）','未来星',null,null,'N','Y','Y','Y','N','Y','Y','N',null,'120078',null,'中邮未来星年金保险（分红型）');

DELETE FROM LMRISKAMNTRULE where RISKCODE='120078';
insert into LMRISKAMNTRULE(riskcode,calcode,shortdesc,detaildesc,inparadesc,inparacode,state,remark,makeoperator,makedate,maketime,modifyoperator,modifydate,modifytime)values('120078','RA120078','风险保额','风险保额',null,null,'1',null,'001',to_date ('2026-04-09', 'YYYY-MM-DD' ),'08:37:36','001',to_date ('2026-04-09', 'YYYY-MM-DD' ),'08:37:36');

DELETE FROM LMDUTY where dutycode in (select dutycode from  lmRiskduty  where RISKCODE='120078');
insert into LMDUTY(dutycode,dutyname,payendyear,payendyearflag,payenddatecalref,payenddatecalmode,getyear,getyearflag,insuyear,insuyearflag,acciyear,acciyearflag,calmode,payendyearrela,getyearrela,insuyearrela,basiccalcode,riskcalcode,amntflag,vpu,addfeeflag,enddatecalmode,addamntflag,companyaccflag)values('D44133','中邮未来星年金保险(分红型)保障方案一责任','10','Y','S','3','30','Y','30','Y',null,null,'O','0','0','4','000003','000003','2','1000.00','00','0','1','0');
insert into LMDUTY(dutycode,dutyname,payendyear,payendyearflag,payenddatecalref,payenddatecalmode,getyear,getyearflag,insuyear,insuyearflag,acciyear,acciyearflag,calmode,payendyearrela,getyearrela,insuyearrela,basiccalcode,riskcalcode,amntflag,vpu,addfeeflag,enddatecalmode,addamntflag,companyaccflag)values('D44134','中邮未来星年金保险(分红型)保障方案二责任','10','Y','S','3','30','Y','30','Y',null,null,'O','0','0','4','000003','000003','2','1000.00','00','0','1','0');

DELETE FROM LMDUTYCTRL where DUTYCODE in (select dutycode  from  lmriskduty  where RISKCODE='120078' );
insert into LMDUTYCTRL(dutycode,othercode,fieldname,inpflag,ctrltype)values('D44133','P54033','PayEndYearFlag','Y','P');
insert into LMDUTYCTRL(dutycode,othercode,fieldname,inpflag,ctrltype)values('D44133','P54033','bonusgetmode','Y','P');
insert into LMDUTYCTRL(dutycode,othercode,fieldname,inpflag,ctrltype)values('D44133','P54033','payintv','Y','P');
insert into LMDUTYCTRL(dutycode,othercode,fieldname,inpflag,ctrltype)values('D44133','P54033','payendyear','Y','P');
insert into LMDUTYCTRL(dutycode,othercode,fieldname,inpflag,ctrltype)values('D44133','000000','insuyear','Y','D');
insert into LMDUTYCTRL(dutycode,othercode,fieldname,inpflag,ctrltype)values('D44133','000000','insuyearflag','Y','D');
insert into LMDUTYCTRL(dutycode,othercode,fieldname,inpflag,ctrltype)values('D44134','P54034','PayEndYearFlag','Y','P');
insert into LMDUTYCTRL(dutycode,othercode,fieldname,inpflag,ctrltype)values('D44134','P54034','bonusgetmode','Y','P');
insert into LMDUTYCTRL(dutycode,othercode,fieldname,inpflag,ctrltype)values('D44134','P54034','payintv','Y','P');
insert into LMDUTYCTRL(dutycode,othercode,fieldname,inpflag,ctrltype)values('D44134','P54034','payendyear','Y','P');
insert into LMDUTYCTRL(dutycode,othercode,fieldname,inpflag,ctrltype)values('D44134','000000','insuyear','Y','D');
insert into LMDUTYCTRL(dutycode,othercode,fieldname,inpflag,ctrltype)values('D44134','000000','insuyearflag','Y','D');

DELETE FROM LMDUTYPAYRELA where dutycode in (select dutycode from  lmduty  where dutycode in (select dutycode from  lmRiskduty  where RISKCODE='120078'));
insert into LMDUTYPAYRELA(dutycode,payplancode,payplanname)values('D44134','P54034','中邮未来星年金保险(分红型)保障方案二责任缴费');
insert into LMDUTYPAYRELA(dutycode,payplancode,payplanname)values('D44133','P54033','中邮未来星年金保险(分红型)保障方案一责任缴费');

DELETE FROM LMDUTYGETRELA where dutycode in (select dutycode from  lmduty  where dutycode in (select dutycode from  lmRiskduty where RISKCODE='120078'));
insert into LMDUTYGETRELA(dutycode,getdutycode,getdutyname)values('D44134','G54121','成长守护金');
insert into LMDUTYGETRELA(dutycode,getdutycode,getdutyname)values('D44134','G54122','大学教育金');
insert into LMDUTYGETRELA(dutycode,getdutycode,getdutyname)values('D44134','G54123','深造教育金');
insert into LMDUTYGETRELA(dutycode,getdutycode,getdutyname)values('D44134','G54124','有成关爱金');
insert into LMDUTYGETRELA(dutycode,getdutycode,getdutyname)values('D44134','G54134','逐梦远航金');
insert into LMDUTYGETRELA(dutycode,getdutycode,getdutyname)values('D44134','G54135','满期保险金');
insert into LMDUTYGETRELA(dutycode,getdutycode,getdutyname)values('D44134','G54136','身故保险金');
insert into LMDUTYGETRELA(dutycode,getdutycode,getdutyname)values('D44134','G54137','投保人意外身故豁免保险费');
insert into LMDUTYGETRELA(dutycode,getdutycode,getdutyname)values('D44133','G54114','成长守护金');
insert into LMDUTYGETRELA(dutycode,getdutycode,getdutyname)values('D44133','G54115','大学教育金');
insert into LMDUTYGETRELA(dutycode,getdutycode,getdutyname)values('D44133','G54116','深造教育金');
insert into LMDUTYGETRELA(dutycode,getdutycode,getdutyname)values('D44133','G54117','有成关爱金');
insert into LMDUTYGETRELA(dutycode,getdutycode,getdutyname)values('D44133','G54118','身故保险金');
insert into LMDUTYGETRELA(dutycode,getdutycode,getdutyname)values('D44133','G54119','满期保险金');
insert into LMDUTYGETRELA(dutycode,getdutycode,getdutyname)values('D44133','G54120','投保人意外身故豁免保险费');

DELETE FROM LMDUTYPAY where payplancode in (select payplancode from  LMDutyPayRela  where dutycode in (select dutycode from  lmduty  where dutycode in (select dutycode from   lmRiskduty  where RISKCODE='120078')));
insert into LMDUTYPAY(payplancode,payplanname,type,payintv,payendyearflag,payendyear,payenddatecalref,payenddatecalmode,defaultval,calcode,cntercalcode,othcalcode,rate,minpay,assuyield,feerate,paytodatecalmode,urgepayflag,paylackflag,payoverflag,payoverdeal,avoidpayflag,graceperiod,pubflag,zeroflag,needacc,payaimclass)values('P54033','中邮未来星年金保险(分红型)保障方案一责任缴费','0','0','Y',null,'S','0',null,null,null,'IP0323',null,null,null,null,'0','Y','Y','Y',null,'Y',null,null,'N','0','1');
insert into LMDUTYPAY(payplancode,payplanname,type,payintv,payendyearflag,payendyear,payenddatecalref,payenddatecalmode,defaultval,calcode,cntercalcode,othcalcode,rate,minpay,assuyield,feerate,paytodatecalmode,urgepayflag,paylackflag,payoverflag,payoverdeal,avoidpayflag,graceperiod,pubflag,zeroflag,needacc,payaimclass)values('P54034','中邮未来星年金保险(分红型)保障方案二责任缴费','0','0','Y',null,'S','0',null,null,null,'IP0324',null,null,null,null,'0','Y','Y','Y',null,'Y',null,null,'N','0','1');

DELETE FROM LMDUTYGET where getdutycode in (select getdutycode from  LMDutyGetRela where dutycode in (select dutycode from  lmduty  where dutycode in (select dutycode from lmRiskduty  where RISKCODE='120078')));
insert into LMDUTYGET(getdutycode,getdutyname,type,getintv,defaultval,calcode,cntercalcode,othcalcode,getyear,getyearflag,startdatecalref,startdatecalmode,mingetstartperiod,getendperiod,getendunit,enddatecalref,enddatecalmode,maxgetendperiod,addflag,sexrelaflag,unitapprelaflag,addamntflag,discntflag,interestflag,shareflag,inpflag,bnfflag,urgegetflag,deadvaliflag,getinitflag,getlimit,maxget,getrate,needacc,canget,needcancelacc,gettype1,zeroflag,gettype2)values('G54114','成长守护金','0','12',null,'IA0617','IA0617','IA0617','5','Y','S','0',null,'17','A','S','0',null,'N','N',null,'N',null,null,null,null,'N','Y','N',null,null,null,null,'1','1','0','1','N','0');
insert into LMDUTYGET(getdutycode,getdutyname,type,getintv,defaultval,calcode,cntercalcode,othcalcode,getyear,getyearflag,startdatecalref,startdatecalmode,mingetstartperiod,getendperiod,getendunit,enddatecalref,enddatecalmode,maxgetendperiod,addflag,sexrelaflag,unitapprelaflag,addamntflag,discntflag,interestflag,shareflag,inpflag,bnfflag,urgegetflag,deadvaliflag,getinitflag,getlimit,maxget,getrate,needacc,canget,needcancelacc,gettype1,zeroflag,gettype2)values('G54115','大学教育金','0','12',null,'IA0617','IA0617','IA0617','18','A','S','3',null,'21','A','S','3',null,'N','N',null,'N',null,null,null,null,'N','Y','N',null,null,null,null,'1','1','0','1','N','0');
insert into LMDUTYGET(getdutycode,getdutyname,type,getintv,defaultval,calcode,cntercalcode,othcalcode,getyear,getyearflag,startdatecalref,startdatecalmode,mingetstartperiod,getendperiod,getendunit,enddatecalref,enddatecalmode,maxgetendperiod,addflag,sexrelaflag,unitapprelaflag,addamntflag,discntflag,interestflag,shareflag,inpflag,bnfflag,urgegetflag,deadvaliflag,getinitflag,getlimit,maxget,getrate,needacc,canget,needcancelacc,gettype1,zeroflag,gettype2)values('G54116','深造教育金','0','12',null,'IA0617','IA0617','IA0617','22','A','S','0',null,'24','A','S','0',null,'N','N',null,'N',null,null,null,null,'N','Y','N',null,null,null,null,'1','1','0','1','N','0');
insert into LMDUTYGET(getdutycode,getdutyname,type,getintv,defaultval,calcode,cntercalcode,othcalcode,getyear,getyearflag,startdatecalref,startdatecalmode,mingetstartperiod,getendperiod,getendunit,enddatecalref,enddatecalmode,maxgetendperiod,addflag,sexrelaflag,unitapprelaflag,addamntflag,discntflag,interestflag,shareflag,inpflag,bnfflag,urgegetflag,deadvaliflag,getinitflag,getlimit,maxget,getrate,needacc,canget,needcancelacc,gettype1,zeroflag,gettype2)values('G54117','有成关爱金','0','12',null,'IA0617','IA0617','IA0617','25','A','S','0',null,'29','A','S','0',null,'N','N',null,'N',null,null,null,null,'N','Y','N',null,null,null,null,'1','1','0','1','N','0');
insert into LMDUTYGET(getdutycode,getdutyname,type,getintv,defaultval,calcode,cntercalcode,othcalcode,getyear,getyearflag,startdatecalref,startdatecalmode,mingetstartperiod,getendperiod,getendunit,enddatecalref,enddatecalmode,maxgetendperiod,addflag,sexrelaflag,unitapprelaflag,addamntflag,discntflag,interestflag,shareflag,inpflag,bnfflag,urgegetflag,deadvaliflag,getinitflag,getlimit,maxget,getrate,needacc,canget,needcancelacc,gettype1,zeroflag,gettype2)values('G54118','身故保险金','1',null,null,'IA0617','IA0617','IA0617','0','Y','S','0',null,null,'P','S','3',null,'N','N',null,'Y',null,null,null,null,'N','N',null,null,null,null,null,'0','0','0',null,'N',null);
insert into LMDUTYGET(getdutycode,getdutyname,type,getintv,defaultval,calcode,cntercalcode,othcalcode,getyear,getyearflag,startdatecalref,startdatecalmode,mingetstartperiod,getendperiod,getendunit,enddatecalref,enddatecalmode,maxgetendperiod,addflag,sexrelaflag,unitapprelaflag,addamntflag,discntflag,interestflag,shareflag,inpflag,bnfflag,urgegetflag,deadvaliflag,getinitflag,getlimit,maxget,getrate,needacc,canget,needcancelacc,gettype1,zeroflag,gettype2)values('G54119','满期保险金','0','0',null,'IA0617','IA0617','IA0617','0','P','S','3',null,null,'P','S','3',null,'N','N',null,'N',null,null,null,null,'N','Y','N',null,null,null,null,'1','0','0','0','N','0');
insert into LMDUTYGET(getdutycode,getdutyname,type,getintv,defaultval,calcode,cntercalcode,othcalcode,getyear,getyearflag,startdatecalref,startdatecalmode,mingetstartperiod,getendperiod,getendunit,enddatecalref,enddatecalmode,maxgetendperiod,addflag,sexrelaflag,unitapprelaflag,addamntflag,discntflag,interestflag,shareflag,inpflag,bnfflag,urgegetflag,deadvaliflag,getinitflag,getlimit,maxget,getrate,needacc,canget,needcancelacc,gettype1,zeroflag,gettype2)values('G54120','投保人意外身故豁免保险费','1',null,null,'IA0617','IA0617','IA0617','0','Y','S','0',null,null,'P','S','3',null,'N','N',null,'N',null,null,null,null,'N','N',null,null,null,null,null,'0','0','0',null,'N',null);
insert into LMDUTYGET(getdutycode,getdutyname,type,getintv,defaultval,calcode,cntercalcode,othcalcode,getyear,getyearflag,startdatecalref,startdatecalmode,mingetstartperiod,getendperiod,getendunit,enddatecalref,enddatecalmode,maxgetendperiod,addflag,sexrelaflag,unitapprelaflag,addamntflag,discntflag,interestflag,shareflag,inpflag,bnfflag,urgegetflag,deadvaliflag,getinitflag,getlimit,maxget,getrate,needacc,canget,needcancelacc,gettype1,zeroflag,gettype2)values('G54121','成长守护金','0','12',null,'IA0617','IA0617','IA0617','5','Y','S','0',null,'17','A','S','0',null,'N','N',null,'N',null,null,null,null,'N','Y','N',null,null,null,null,'1','1','0','1','N','0');
insert into LMDUTYGET(getdutycode,getdutyname,type,getintv,defaultval,calcode,cntercalcode,othcalcode,getyear,getyearflag,startdatecalref,startdatecalmode,mingetstartperiod,getendperiod,getendunit,enddatecalref,enddatecalmode,maxgetendperiod,addflag,sexrelaflag,unitapprelaflag,addamntflag,discntflag,interestflag,shareflag,inpflag,bnfflag,urgegetflag,deadvaliflag,getinitflag,getlimit,maxget,getrate,needacc,canget,needcancelacc,gettype1,zeroflag,gettype2)values('G54122','大学教育金','0','12',null,'IA0617','IA0617','IA0617','18','A','S','0',null,'21','A','S','0',null,'N','N',null,'N',null,null,null,null,'N','Y','N',null,null,null,null,'1','1','0','1','N','0');
insert into LMDUTYGET(getdutycode,getdutyname,type,getintv,defaultval,calcode,cntercalcode,othcalcode,getyear,getyearflag,startdatecalref,startdatecalmode,mingetstartperiod,getendperiod,getendunit,enddatecalref,enddatecalmode,maxgetendperiod,addflag,sexrelaflag,unitapprelaflag,addamntflag,discntflag,interestflag,shareflag,inpflag,bnfflag,urgegetflag,deadvaliflag,getinitflag,getlimit,maxget,getrate,needacc,canget,needcancelacc,gettype1,zeroflag,gettype2)values('G54123','深造教育金','0','12',null,'IA0617','IA0617','IA0617','22','A','S','0',null,'24','A','S','0',null,'N','N',null,'N',null,null,null,null,'N','Y','N',null,null,null,null,'1','1','0','1','N','0');
insert into LMDUTYGET(getdutycode,getdutyname,type,getintv,defaultval,calcode,cntercalcode,othcalcode,getyear,getyearflag,startdatecalref,startdatecalmode,mingetstartperiod,getendperiod,getendunit,enddatecalref,enddatecalmode,maxgetendperiod,addflag,sexrelaflag,unitapprelaflag,addamntflag,discntflag,interestflag,shareflag,inpflag,bnfflag,urgegetflag,deadvaliflag,getinitflag,getlimit,maxget,getrate,needacc,canget,needcancelacc,gettype1,zeroflag,gettype2)values('G54124','有成关爱金','0','12',null,'IA0617','IA0617','IA0617','25','A','S','0',null,'29','A','S','0',null,'N','N',null,'N',null,null,null,null,'N','Y','N',null,null,null,null,'1','1','0','1','N','0');
insert into LMDUTYGET(getdutycode,getdutyname,type,getintv,defaultval,calcode,cntercalcode,othcalcode,getyear,getyearflag,startdatecalref,startdatecalmode,mingetstartperiod,getendperiod,getendunit,enddatecalref,enddatecalmode,maxgetendperiod,addflag,sexrelaflag,unitapprelaflag,addamntflag,discntflag,interestflag,shareflag,inpflag,bnfflag,urgegetflag,deadvaliflag,getinitflag,getlimit,maxget,getrate,needacc,canget,needcancelacc,gettype1,zeroflag,gettype2)values('G54134','逐梦远航金','0','12',null,'IA0617','IA0617','IA0617','30','A','S','0',null,'30','A','S','0',null,'N','N',null,'N',null,null,null,null,'N','Y','N',null,null,null,null,'1','1','0','1','N','0');
insert into LMDUTYGET(getdutycode,getdutyname,type,getintv,defaultval,calcode,cntercalcode,othcalcode,getyear,getyearflag,startdatecalref,startdatecalmode,mingetstartperiod,getendperiod,getendunit,enddatecalref,enddatecalmode,maxgetendperiod,addflag,sexrelaflag,unitapprelaflag,addamntflag,discntflag,interestflag,shareflag,inpflag,bnfflag,urgegetflag,deadvaliflag,getinitflag,getlimit,maxget,getrate,needacc,canget,needcancelacc,gettype1,zeroflag,gettype2)values('G54135','满期保险金','0','0',null,'IA0617','IA0617','IA0617','0','P','S','3',null,null,'P','S','3',null,'N','N',null,'N',null,null,null,null,'N','Y','N',null,null,null,null,'1','0','0','0','N','0');
insert into LMDUTYGET(getdutycode,getdutyname,type,getintv,defaultval,calcode,cntercalcode,othcalcode,getyear,getyearflag,startdatecalref,startdatecalmode,mingetstartperiod,getendperiod,getendunit,enddatecalref,enddatecalmode,maxgetendperiod,addflag,sexrelaflag,unitapprelaflag,addamntflag,discntflag,interestflag,shareflag,inpflag,bnfflag,urgegetflag,deadvaliflag,getinitflag,getlimit,maxget,getrate,needacc,canget,needcancelacc,gettype1,zeroflag,gettype2)values('G54136','身故保险金','1',null,null,'IA0617','IA0617','IA0617','0','Y','S','0',null,null,'P','S','3',null,'N','N',null,'Y',null,null,null,null,'N','N',null,null,null,null,null,'0','0','0',null,'N',null);
insert into LMDUTYGET(getdutycode,getdutyname,type,getintv,defaultval,calcode,cntercalcode,othcalcode,getyear,getyearflag,startdatecalref,startdatecalmode,mingetstartperiod,getendperiod,getendunit,enddatecalref,enddatecalmode,maxgetendperiod,addflag,sexrelaflag,unitapprelaflag,addamntflag,discntflag,interestflag,shareflag,inpflag,bnfflag,urgegetflag,deadvaliflag,getinitflag,getlimit,maxget,getrate,needacc,canget,needcancelacc,gettype1,zeroflag,gettype2)values('G54137','投保人意外身故豁免保险费','1',null,null,'IA0617','IA0617','IA0617','0','Y','S','0',null,null,'P','S','3',null,'N','N',null,'N',null,null,null,null,'N','N',null,null,null,null,null,'0','0','0',null,'N',null);

DELETE FROM LMDUTYGETCLM where getdutycode in (select getdutycode from  LMDutyGet  where getdutycode in (select getdutycode from  LMDutyGetRela where dutycode in (select dutycode from  lmduty where dutycode in (select dutycode from  lmRiskduty where RISKCODE='120078'))));
insert into LMDUTYGETCLM(getdutycode,getdutyname,getdutykind,defaultval,calcode,cntercalcode,othcalcode,inpflag,stattype,minget,afterget,maxget,claimrate,clmdaylmt,sumclmdaylmt,deductible,deductday,obsperiod,deadvaliflag,deadtopvalueflag,needrecompute,casepoltype,deformitygrade,filtercalcode,effectonmainrisk,medicaltype)values('G54118','身故保险金','102',null,'IC0223',null,null,null,'SW',null,'008',null,null,null,null,null,null,'0',null,null,'1',null,null,'IC0223',null,null);
insert into LMDUTYGETCLM(getdutycode,getdutyname,getdutykind,defaultval,calcode,cntercalcode,othcalcode,inpflag,stattype,minget,afterget,maxget,claimrate,clmdaylmt,sumclmdaylmt,deductible,deductday,obsperiod,deadvaliflag,deadtopvalueflag,needrecompute,casepoltype,deformitygrade,filtercalcode,effectonmainrisk,medicaltype)values('G54118','身故保险金','202',null,'IC0223',null,null,null,'SW',null,'008',null,null,null,null,null,null,'0',null,null,'1',null,null,'IC0223',null,null);
insert into LMDUTYGETCLM(getdutycode,getdutyname,getdutykind,defaultval,calcode,cntercalcode,othcalcode,inpflag,stattype,minget,afterget,maxget,claimrate,clmdaylmt,sumclmdaylmt,deductible,deductday,obsperiod,deadvaliflag,deadtopvalueflag,needrecompute,casepoltype,deformitygrade,filtercalcode,effectonmainrisk,medicaltype)values('G54120','投保人意外身故豁免保险费','102',null,'IC0223',null,null,null,'SW',null,'007',null,null,null,null,null,null,'0',null,null,'1',null,null,'IC0223',null,null);
insert into LMDUTYGETCLM(getdutycode,getdutyname,getdutykind,defaultval,calcode,cntercalcode,othcalcode,inpflag,stattype,minget,afterget,maxget,claimrate,clmdaylmt,sumclmdaylmt,deductible,deductday,obsperiod,deadvaliflag,deadtopvalueflag,needrecompute,casepoltype,deformitygrade,filtercalcode,effectonmainrisk,medicaltype)values('G54120','投保人意外身故豁免保险费','109',null,'IC0223',null,null,null,'SW',null,'007',null,null,null,null,null,null,'0',null,null,'1',null,null,'IC0223',null,null);
insert into LMDUTYGETCLM(getdutycode,getdutyname,getdutykind,defaultval,calcode,cntercalcode,othcalcode,inpflag,stattype,minget,afterget,maxget,claimrate,clmdaylmt,sumclmdaylmt,deductible,deductday,obsperiod,deadvaliflag,deadtopvalueflag,needrecompute,casepoltype,deformitygrade,filtercalcode,effectonmainrisk,medicaltype)values('G54136','身故保险金','102',null,'IC0223',null,null,null,'SW',null,'008',null,null,null,null,null,null,'0',null,null,'1',null,null,'IC0223',null,null);
insert into LMDUTYGETCLM(getdutycode,getdutyname,getdutykind,defaultval,calcode,cntercalcode,othcalcode,inpflag,stattype,minget,afterget,maxget,claimrate,clmdaylmt,sumclmdaylmt,deductible,deductday,obsperiod,deadvaliflag,deadtopvalueflag,needrecompute,casepoltype,deformitygrade,filtercalcode,effectonmainrisk,medicaltype)values('G54136','身故保险金','202',null,'IC0223',null,null,null,'SW',null,'008',null,null,null,null,null,null,'0',null,null,'1',null,null,'IC0223',null,null);
insert into LMDUTYGETCLM(getdutycode,getdutyname,getdutykind,defaultval,calcode,cntercalcode,othcalcode,inpflag,stattype,minget,afterget,maxget,claimrate,clmdaylmt,sumclmdaylmt,deductible,deductday,obsperiod,deadvaliflag,deadtopvalueflag,needrecompute,casepoltype,deformitygrade,filtercalcode,effectonmainrisk,medicaltype)values('G54137','投保人意外身故豁免保险费','102',null,'IC0223',null,null,null,'SW',null,'007',null,null,null,null,null,null,'0',null,null,'1',null,null,'IC0223',null,null);
insert into LMDUTYGETCLM(getdutycode,getdutyname,getdutykind,defaultval,calcode,cntercalcode,othcalcode,inpflag,stattype,minget,afterget,maxget,claimrate,clmdaylmt,sumclmdaylmt,deductible,deductday,obsperiod,deadvaliflag,deadtopvalueflag,needrecompute,casepoltype,deformitygrade,filtercalcode,effectonmainrisk,medicaltype)values('G54137','投保人意外身故豁免保险费','109',null,'IC0223',null,null,null,'SW',null,'007',null,null,null,null,null,null,'0',null,null,'1',null,null,'IC0223',null,null);

DELETE FROM LMDUTYGETALIVE where getdutycode in (select getdutycode from LMDutyGet  where getdutycode in (select getdutycode from  LMDutyGetRela  where dutycode in (select dutycode from lmduty where dutycode in (select dutycode from  lmRiskduty where RISKCODE='120078'))));
insert into LMDUTYGETALIVE(getdutycode,getdutyname,getdutykind,getintv,defaultval,calcode,cntercalcode,othcalcode,getstartperiod,getstartunit,startdatecalref,startdatecalmode,mingetstartperiod,getendperiod,getendunit,enddatecalref,enddatecalmode,maxgetendperiod,addflag,addintv,addstartperiod,addstartunit,addendperiod,addendunit,addtype,addvalue,maxgetcount,afterget,getactiontype,urgegetflag,discntflag,getcond,maxgetcounttype,needrecompute,guargetperiod,guargetperiodunit)values('G54114','生存金','0','12',null,'ID0086',null,null,'5','Y','S','0',null,'17','A','S','0',null,'N',null,null,null,null,null,null,null,null,'004',null,null,null,null,null,null,'0','Y');
insert into LMDUTYGETALIVE(getdutycode,getdutyname,getdutykind,getintv,defaultval,calcode,cntercalcode,othcalcode,getstartperiod,getstartunit,startdatecalref,startdatecalmode,mingetstartperiod,getendperiod,getendunit,enddatecalref,enddatecalmode,maxgetendperiod,addflag,addintv,addstartperiod,addstartunit,addendperiod,addendunit,addtype,addvalue,maxgetcount,afterget,getactiontype,urgegetflag,discntflag,getcond,maxgetcounttype,needrecompute,guargetperiod,guargetperiodunit)values('G54115','生存金','0','12',null,'ID0086',null,null,'18','A','S','3',null,'21','A','S','3',null,'N',null,null,null,null,null,null,null,null,'004',null,null,null,null,null,null,'0','Y');
insert into LMDUTYGETALIVE(getdutycode,getdutyname,getdutykind,getintv,defaultval,calcode,cntercalcode,othcalcode,getstartperiod,getstartunit,startdatecalref,startdatecalmode,mingetstartperiod,getendperiod,getendunit,enddatecalref,enddatecalmode,maxgetendperiod,addflag,addintv,addstartperiod,addstartunit,addendperiod,addendunit,addtype,addvalue,maxgetcount,afterget,getactiontype,urgegetflag,discntflag,getcond,maxgetcounttype,needrecompute,guargetperiod,guargetperiodunit)values('G54116','生存金','0','12',null,'ID0086',null,null,'22','A','S','0',null,'24','A','S','0',null,'N',null,null,null,null,null,null,null,null,'004',null,null,null,null,null,null,'0','Y');
insert into LMDUTYGETALIVE(getdutycode,getdutyname,getdutykind,getintv,defaultval,calcode,cntercalcode,othcalcode,getstartperiod,getstartunit,startdatecalref,startdatecalmode,mingetstartperiod,getendperiod,getendunit,enddatecalref,enddatecalmode,maxgetendperiod,addflag,addintv,addstartperiod,addstartunit,addendperiod,addendunit,addtype,addvalue,maxgetcount,afterget,getactiontype,urgegetflag,discntflag,getcond,maxgetcounttype,needrecompute,guargetperiod,guargetperiodunit)values('G54117','生存金','0','12',null,'ID0086',null,null,'25','A','S','0',null,'29','A','S','0',null,'N',null,null,null,null,null,null,null,null,'004',null,null,null,null,null,null,'0','Y');
insert into LMDUTYGETALIVE(getdutycode,getdutyname,getdutykind,getintv,defaultval,calcode,cntercalcode,othcalcode,getstartperiod,getstartunit,startdatecalref,startdatecalmode,mingetstartperiod,getendperiod,getendunit,enddatecalref,enddatecalmode,maxgetendperiod,addflag,addintv,addstartperiod,addstartunit,addendperiod,addendunit,addtype,addvalue,maxgetcount,afterget,getactiontype,urgegetflag,discntflag,getcond,maxgetcounttype,needrecompute,guargetperiod,guargetperiodunit)values('G54119','满期金','1','0',null,'ID0086',null,null,null,'P','S','3',null,null,'P','S','3',null,'N',null,null,null,null,null,null,null,null,'003',null,null,null,null,null,null,'0','Y');
insert into LMDUTYGETALIVE(getdutycode,getdutyname,getdutykind,getintv,defaultval,calcode,cntercalcode,othcalcode,getstartperiod,getstartunit,startdatecalref,startdatecalmode,mingetstartperiod,getendperiod,getendunit,enddatecalref,enddatecalmode,maxgetendperiod,addflag,addintv,addstartperiod,addstartunit,addendperiod,addendunit,addtype,addvalue,maxgetcount,afterget,getactiontype,urgegetflag,discntflag,getcond,maxgetcounttype,needrecompute,guargetperiod,guargetperiodunit)values('G54121','生存金','0','12',null,'ID0086',null,null,'5','Y','S','0',null,'17','A','S','0',null,'N',null,null,null,null,null,null,null,null,'004',null,null,null,null,null,null,'0','Y');
insert into LMDUTYGETALIVE(getdutycode,getdutyname,getdutykind,getintv,defaultval,calcode,cntercalcode,othcalcode,getstartperiod,getstartunit,startdatecalref,startdatecalmode,mingetstartperiod,getendperiod,getendunit,enddatecalref,enddatecalmode,maxgetendperiod,addflag,addintv,addstartperiod,addstartunit,addendperiod,addendunit,addtype,addvalue,maxgetcount,afterget,getactiontype,urgegetflag,discntflag,getcond,maxgetcounttype,needrecompute,guargetperiod,guargetperiodunit)values('G54122','生存金','0','12',null,'ID0086',null,null,'18','A','S','0',null,'21','A','S','0',null,'N',null,null,null,null,null,null,null,null,'004',null,null,null,null,null,null,'0','Y');
insert into LMDUTYGETALIVE(getdutycode,getdutyname,getdutykind,getintv,defaultval,calcode,cntercalcode,othcalcode,getstartperiod,getstartunit,startdatecalref,startdatecalmode,mingetstartperiod,getendperiod,getendunit,enddatecalref,enddatecalmode,maxgetendperiod,addflag,addintv,addstartperiod,addstartunit,addendperiod,addendunit,addtype,addvalue,maxgetcount,afterget,getactiontype,urgegetflag,discntflag,getcond,maxgetcounttype,needrecompute,guargetperiod,guargetperiodunit)values('G54123','生存金','0','12',null,'ID0086',null,null,'22','A','S','0',null,'24','A','S','0',null,'N',null,null,null,null,null,null,null,null,'004',null,null,null,null,null,null,'0','Y');
insert into LMDUTYGETALIVE(getdutycode,getdutyname,getdutykind,getintv,defaultval,calcode,cntercalcode,othcalcode,getstartperiod,getstartunit,startdatecalref,startdatecalmode,mingetstartperiod,getendperiod,getendunit,enddatecalref,enddatecalmode,maxgetendperiod,addflag,addintv,addstartperiod,addstartunit,addendperiod,addendunit,addtype,addvalue,maxgetcount,afterget,getactiontype,urgegetflag,discntflag,getcond,maxgetcounttype,needrecompute,guargetperiod,guargetperiodunit)values('G54124','生存金','0','12',null,'ID0086',null,null,'25','A','S','0',null,'29','A','S','0',null,'N',null,null,null,null,null,null,null,null,'004',null,null,null,null,null,null,'0','Y');
insert into LMDUTYGETALIVE(getdutycode,getdutyname,getdutykind,getintv,defaultval,calcode,cntercalcode,othcalcode,getstartperiod,getstartunit,startdatecalref,startdatecalmode,mingetstartperiod,getendperiod,getendunit,enddatecalref,enddatecalmode,maxgetendperiod,addflag,addintv,addstartperiod,addstartunit,addendperiod,addendunit,addtype,addvalue,maxgetcount,afterget,getactiontype,urgegetflag,discntflag,getcond,maxgetcounttype,needrecompute,guargetperiod,guargetperiodunit)values('G54134','生存金','0','12',null,'ID0086',null,null,'30','A','S','0',null,'30','A','S','0',null,'N',null,null,null,null,null,null,null,null,'004',null,null,null,null,null,null,'0','Y');
insert into LMDUTYGETALIVE(getdutycode,getdutyname,getdutykind,getintv,defaultval,calcode,cntercalcode,othcalcode,getstartperiod,getstartunit,startdatecalref,startdatecalmode,mingetstartperiod,getendperiod,getendunit,enddatecalref,enddatecalmode,maxgetendperiod,addflag,addintv,addstartperiod,addstartunit,addendperiod,addendunit,addtype,addvalue,maxgetcount,afterget,getactiontype,urgegetflag,discntflag,getcond,maxgetcounttype,needrecompute,guargetperiod,guargetperiodunit)values('G54135','满期金','1','0',null,'ID0086',null,null,null,'P','S','3',null,null,'P','S','3',null,'N',null,null,null,null,null,null,null,null,'003',null,null,null,null,null,null,'0','Y');

DELETE FROM LMRISKAPPDB where RISKCODE='120078';
insert into LMRISKAPPDB(insucode,riskcode,riskname,riskshortname,riskenname,riskenshortname,insuaccflag,destrate,risksorttype,bodyinsudestype,insutimeuptype,insupapertgxingzhi,zhufuinsuxingzhi,riskendsaledate,onsaleflag,baojianrisk,midshortxuqi,feigairiskflag,ratechangestartdate,ratechangeenddate,rate,lowensurerate,riskstartsaledate,kaibanregion,cansaleway,specialworkflag,specialworkcode,youyudays,waitdays,insupaperdkratio,insupaperdkdays,lowbuyage,highbuyage,canbuysex,boundstype,zhongjinum,qingjinum,zjmostpaynum,qjmostpaynum,zhongjipayway,zjonepaystop,yearmoneyrectype,yearmoneylimityear,insupapermanaflag,insupaperstartflag,outofshebaoflag,limithospitalflag,includespecialflag,includespehosflag,medicaldutyregion,notgivetype,notgivehive,notgivenothive,notgivebilihive,notgivebilinothive,paybilihive,paybilinothive,ensurexubaoflag,ensurexubaoyear,highxubaoage,shoushujintieflag,specialrisktype,taxexeflag,taxrate,moneylaunderingrisklevel,moneylaunderingriskscore,moneylaunderingriskdate,risklevel,productquestionnairelevel)values('000141','120078','中邮未来星年金保险（分红型）','未来星',null,null,'Y','0.017500','14200','210','13','01','1',null,'Y','中邮保险〔2026〕年金保险011号','4','0',null,null,'0.000000',null,to_date ('2026-05-15', 'YYYY-MM-DD' ),'1','200','0',null,'15',null,'0.800000','6','0','24','9','1',null,null,null,null,null,null,'02','0',null,null,null,null,null,null,null,null,'0.000000','0.000000','0.000000','0.000000','1.000000','1.000000','0','0','0','0','9','2',null,'02','45',to_date ('2026-03-17', 'YYYY-MM-DD' ),'3','P3');

DELETE FROM LMRISKCOMCTRL where RISKCODE='120078';
insert into LMRISKCOMCTRL(riskcode,managecomgrp,startdate,enddate,maxamnt,maxmult,maxprem,minamnt,minmult,minprem)values('120078','000000',to_date ('2026-04-09', 'YYYY-MM-DD' ),null,'1.00','0.00','0.00','0.00','0.00','0.00');

DELETE FROM LMLOAN where RISKCODE='120078';
insert into LMLOAN(riskcode,controltype,canrate,interesttype,interestrate,interestmode,ratecaltype,ratecalcode,specifyrate)values('120078','1','0.800000',null,null,null,null,null,null);

DELETE FROM LMRISKSORT where RISKCODE='120078';
insert into LMRISKSORT(riskcode,risksorttype,risksortvalue,remark)values('120078','ds','0.01225','客户演示红利利差');

DELETE FROM LMRISKEDORSERVICE where RISKCODE='120078';
insert into LMRISKEDORSERVICE(riskcode,riskname,edorservice,standbyflag1,standbyflag2,standbyflag3,operator,makedate,maketime,modifydate,modifytime)values('120078','中邮未来星年金保险（分红型）','CXHL',null,null,null,'8600071',to_date ('2026-04-09', 'YYYY-MM-DD' ),'11:35:54',to_date ('2026-04-09', 'YYYY-MM-DD' ),'11:35:54');
insert into LMRISKEDORSERVICE(riskcode,riskname,edorservice,standbyflag1,standbyflag2,standbyflag3,operator,makedate,maketime,modifydate,modifytime)values('120078','中邮未来星年金保险（分红型）','CXSC',null,null,null,'8600071',to_date ('2026-04-09', 'YYYY-MM-DD' ),'11:35:54',to_date ('2026-04-09', 'YYYY-MM-DD' ),'11:35:54');
insert into LMRISKEDORSERVICE(riskcode,riskname,edorservice,standbyflag1,standbyflag2,standbyflag3,operator,makedate,maketime,modifydate,modifytime)values('120078','中邮未来星年金保险（分红型）','CXTB',null,null,null,'8600071',to_date ('2026-04-09', 'YYYY-MM-DD' ),'11:35:54',to_date ('2026-04-09', 'YYYY-MM-DD' ),'11:35:54');
insert into LMRISKEDORSERVICE(riskcode,riskname,edorservice,standbyflag1,standbyflag2,standbyflag3,operator,makedate,maketime,modifydate,modifytime)values('120078','中邮未来星年金保险（分红型）','CXJK',null,null,null,'8600071',to_date ('2026-04-09', 'YYYY-MM-DD' ),'11:35:54',to_date ('2026-04-09', 'YYYY-MM-DD' ),'11:35:54');

DELETE FROM LMRiskToRisk where riskcode='120078';
insert into LMRiskToRisk(riskcode,riskalias,riskname,standbyflag1,standbyflag2)values('120078','120078CV','中邮未来星年金保险（分红型）',null,null);

commit;
